{ "_id" : { "sex" : "Male" }, "AverageWeight" : 70.01103573591762, "AverageHeight" : 166.73777710478498 }
{ "_id" : { "sex" : "Female" }, "AverageWeight" : 70.11331573604062, "AverageHeight" : 166.81260913705583 }